question,answer,category,source,type
ما هي شروط القبول العامة في جامعة جدة؟,أن يكون المتقدم سعودي الجنسية أو من أم سعودية، وحاصلًا على شهادة الثانوية العامة أو ما يعادلها.,القبول,University of Jeddah,faq
هل يشترط اختبار القدرات والتحصيلي؟,نعم، يشترط توفر درجات القدرات والتحصيلي حسب المسار المطلوب.,القبول,University of Jeddah,faq
كم مدة صلاحية اختبار القدرات والتحصيلي؟,حسب ما يحدده المركز الوطني للقياس.,القبول,University of Jeddah,faq
هل يمكن قبول طالب مفصول أكاديميًا؟,لا يتم قبول الطالب المفصول أكاديميًا من جامعة أخرى.,القبول,University of Jeddah,faq
هل تقبل جامعة جدة الطلاب المقبولين في جامعات أخرى؟,لا يتم قبول أي طالب مقبول في جامعة أخرى إلا بعد إلغاء قبوله منها.,القبول,University of Jeddah,faq
هل تقبل الجامعة شهادة ثانوية قديمة؟,يجب ألا يكون قد مضى على شهادة الثانوية أكثر من خمس سنوات.,القبول,University of Jeddah,faq
هل يمكن للموظف التقديم على جامعة جدة؟,نعم، بعد الحصول على موافقة جهة العمل.,القبول,University of Jeddah,faq
هل القبول متاح للسعوديين فقط؟,القبول متاح للسعوديين وأبناء المواطنات.,القبول,University of Jeddah,faq
كيف يتم حساب النسبة الموزونة للمسار الصحي؟,40% تحصيلي، 30% قدرات، 30% ثانوية عامة.,النسب الموزونة,University of Jeddah,faq
كيف يتم حساب النسبة الموزونة للتخصصات العلمية؟,تعتمد على الثانوية العامة والقدرات والتحصيلي حسب التخصص.,النسب الموزونة,University of Jeddah,faq
كيف يتم حساب النسبة الموزونة للتخصصات الإنسانية؟,60% قدرات و40% ثانوية عامة.,النسب الموزونة,University of Jeddah,faq
هل تختلف النسبة الموزونة حسب المسار؟,نعم، تختلف النسب الموزونة حسب المسار والتخصص.,النسب الموزونة,University of Jeddah,faq
كيف أقدم على جامعة جدة؟,يتم التقديم إلكترونيًا عبر بوابة القبول الخاصة بجامعة جدة.,التقديم,University of Jeddah,faq
ما هي خطوات التقديم على جامعة جدة؟,الدخول لبوابة القبول، إدخال البيانات، ترتيب الرغبات، ثم تأكيد الطلب.,التقديم,University of Jeddah,faq
هل التقديم على جامعة جدة إلكتروني؟,نعم، التقديم يتم إلكترونيًا بالكامل.,التقديم,University of Jeddah,faq
هل يمكن تعديل الرغبات بعد التقديم؟,يمكن تعديل الرغبات خلال فترة التقديم المحددة.,التقديم,University of Jeddah,faq
هل يجب ترتيب الرغبات؟,نعم، يجب ترتيب الرغبات حسب أولوية الطالب.,التقديم,University of Jeddah,faq
ما الذي يحدث إذا لم أؤكد القبول؟,يتم إلغاء الترشيح إذا لم يتم تأكيد القبول خلال المدة المحددة.,الترشيح,University of Jeddah,faq
كيف أعرف نتيجة الترشيح؟,من خلال بوابة القبول والرسائل النصية والبريد الإلكتروني.,الترشيح,University of Jeddah,faq
هل يوجد قبول نهائي بعد الترشيح؟,نعم، بعد تأكيد الترشيح يتم إصدار القبول النهائي.,الترشيح,University of Jeddah,faq
ما هو المسار الصحي؟,برنامج يتم فيه قبول الطلاب ثم توزيعهم على الكليات الصحية حسب المعدلات والمعايير.,المسار الصحي,University of Jeddah,faq
ما هي كليات المسار الصحي؟,تشمل الطب والعلوم الطبية التطبيقية.,المسار الصحي,University of Jeddah,faq
هل يوجد تنافس في المسار الصحي؟,نعم، يتم التنافس بناءً على المعدل والمعايير المحددة.,المسار الصحي,University of Jeddah,faq
كيف يتم التسكين في الكليات الصحية؟,يتم التسكين حسب المعدل التراكمي والمعايير المحددة.,المسار الصحي,University of Jeddah,faq
ما هي المواد المعيارية لكلية الطب؟,تشمل اللغة الإنجليزية، الكيمياء الحيوية، والمهارات الطبية.,المسار الصحي,University of Jeddah,faq
هل يمكن التحويل من المسار الصحي؟,في حال عدم تحقيق المعدل المطلوب يتم التحويل لتخصص آخر حسب المقاعد المتاحة.,المسار الصحي,University of Jeddah,faq
هل يوجد قبول مباشر في جامعة جدة؟,نعم، يوجد قبول مباشر في جامعة جدة لبعض الكليات والتخصصات حسب شروط القبول والمقاعد المتاحة.,القبول المباشر,University of Jeddah,faq
ما هي تخصصات كلية الحاسب وتقنية المعلومات؟,علوم الحاسب، الأمن السيبراني، علوم البيانات، وتقنية المعلومات.,التخصصات,University of Jeddah,faq
ما هي تخصصات كلية الأعمال؟,إدارة الأعمال، المحاسبة، التمويل، التسويق، ونظم المعلومات الإدارية.,التخصصات,University of Jeddah,faq
ما هي تخصصات كلية الهندسة؟,الهندسة الصناعية، الكهربائية، الكيميائية، والميكانيكية.,التخصصات,University of Jeddah,faq
ما هي تخصصات كلية العلوم؟,الكيمياء، الرياضيات، الفيزياء، والأحياء الدقيقة.,التخصصات,University of Jeddah,faq
ما هي تخصصات كلية اللغات والترجمة؟,اللغة الإنجليزية، الصينية، واليابانية.,التخصصات,University of Jeddah,faq
ما هي تخصصات كلية الإعلام؟,الإعلام الرقمي، الإذاعة والتلفزيون، والصحافة.,التخصصات,University of Jeddah,faq
ما هي تخصصات كلية الشريعة والقانون؟,القانون، الشريعة، والدراسات الإسلامية.,التخصصات,University of Jeddah,faq
هل يوجد تخصص الأمن السيبراني؟,نعم، يوجد هذا التخصص ضمن كلية علوم الحاسب وتقنية المعلومات في جامعة جدة.,التخصصات,University of Jeddah,faq
هل يوجد تخصص علوم البيانات؟,نعم، يوجد هذا التخصص ضمن كلية علوم الحاسب وتقنية المعلومات في جامعة جدة.,التخصصات,University of Jeddah,faq
هل تقدم جامعة جدة برامج دبلوم؟,نعم، تقدم جامعة جدة برامج دبلوم تطبيقية في عدة مجالات.,الدبلومات,University of Jeddah,faq
ما هي تخصصات الدبلومات؟,تشمل البرمجة، الأمن السيبراني، الموارد البشرية، المحاسبة، والتسويق.,الدبلومات,University of Jeddah,faq
من الفئة المستهدفة للدبلومات؟,خريجو الثانوية العامة للمسارين العلمي والإنساني.,الدبلومات,University of Jeddah,faq
ما هي السنة التأهيلية؟,برنامج مدفوع الرسوم للطلاب الذين لم يحققوا النسبة المطلوبة للقبول المباشر.,السنة التأهيلية,University of Jeddah,faq
كم رسوم السنة التأهيلية؟,18000 ريال للسنة الدراسية.,السنة التأهيلية,University of Jeddah,faq
كم مدة السنة التأهيلية؟,عام دراسي واحد.,السنة التأهيلية,University of Jeddah,faq
هل يمكن الالتحاق بالجامعة بعد السنة التأهيلية؟,نعم، بعد تحقيق الشروط والمعايير المطلوبة.,السنة التأهيلية,University of Jeddah,faq
هل السنة التأهيلية مدفوعة؟,نعم، السنة التأهيلية في جامعة جدة برنامج مدفوع الرسوم.,السنة التأهيلية,University of Jeddah,faq
كم عدد كليات جامعة جدة؟,تضم جامعة جدة 17 كلية.,إحصائيات الجامعة,University of Jeddah,faq
كم عدد العمادات في جامعة جدة؟,يوجد في جامعة جدة 5 عمادات.,إحصائيات الجامعة,University of Jeddah,faq
كم عدد الإدارات في جامعة جدة؟,يوجد في جامعة جدة 21 إدارة.,إحصائيات الجامعة,University of Jeddah,faq
كم عدد البرامج الأكاديمية في جامعة جدة؟,تقدم جامعة جدة 125 برنامج أكاديمي.,إحصائيات الجامعة,University of Jeddah,faq
كم عدد برامج البكالوريوس في جامعة جدة؟,يوجد 56 برنامج بكالوريوس في جامعة جدة.,إحصائيات الجامعة,University of Jeddah,faq
كم عدد برامج الدراسات العليا في جامعة جدة؟,يوجد 38 برنامج دراسات عليا في جامعة جدة.,إحصائيات الجامعة,University of Jeddah,faq
كم عدد برامج الدبلوم في جامعة جدة؟,يوجد 14 برنامج دبلوم في جامعة جدة.,إحصائيات الجامعة,University of Jeddah,faq
كم عدد الطلاب في جامعة جدة؟,يبلغ عدد الطلاب 11107 طالب.,إحصائيات الجامعة,University of Jeddah,faq
كم عدد الطالبات في جامعة جدة؟,يبلغ عدد الطالبات 18725 طالبة.,إحصائيات الجامعة,University of Jeddah,faq
كم إجمالي عدد الطلاب والطالبات في جامعة جدة؟,إجمالي عدد الطلاب والطالبات في جامعة جدة هو 29832.,إحصائيات الجامعة,University of Jeddah,faq
كم عدد أعضاء الهيئة التعليمية في جامعة جدة؟,يوجد 2237 عضو هيئة تعليمية في جامعة جدة.,إحصائيات الجامعة,University of Jeddah,faq
كم عدد أعضاء الهيئة الإدارية في جامعة جدة؟,يوجد 1494 عضو هيئة إدارية في جامعة جدة.,إحصائيات الجامعة,University of Jeddah,faq
كم عدد الخريجين من جامعة جدة؟,بلغ عدد خريجي جامعة جدة 35975 خريج.,إحصائيات الجامعة,University of Jeddah,faq
ما هي الكليات العلمية في جامعة جدة؟,تشمل الكليات العلمية: كلية علوم وهندسة الحاسب، كلية الهندسة، كلية العلوم، كلية علوم الرياضة، وكلية الحاسبات وتقنية المعلومات بخليص والكامل.,الكليات,University of Jeddah,faq
ما هي الكليات الصحية في جامعة جدة؟,تشمل الكليات الصحية: كلية الطب، وكلية العلوم الطبية التطبيقية.,الكليات,University of Jeddah,faq
ما هي الكليات الإدارية والاقتصادية في جامعة جدة؟,تشمل كلية الأعمال، كلية الأعمال بالكامل، وكلية الأعمال بخليص.,الكليات,University of Jeddah,faq
ما هي الكليات الإنسانية في جامعة جدة؟,تشمل كلية العلوم الاجتماعية والإعلام، كلية التصاميم والفنون، كلية التربية، كلية اللغات والترجمة، وكلية الشريعة والقانون.,الكليات,University of Jeddah,faq
ما هي الكليات التطبيقية في جامعة جدة؟,تشمل الكلية التطبيقية، فرع الكلية التطبيقية بالكامل، وفرع الكلية التطبيقية بخليص.,الكليات,University of Jeddah,faq
ما تخصصات كلية علوم وهندسة الحاسب؟,تشمل هندسة الحاسب والشبكات، الذكاء الاصطناعي، علوم الحاسب، الأمن السيبراني، علوم البيانات، وهندسة البرمجيات.,التخصصات,University of Jeddah,faq
ما تخصصات كلية الطب؟,تقدم كلية الطب تخصص الطب والجراحة.,التخصصات,University of Jeddah,faq
ما تخصصات كلية العلوم الطبية التطبيقية؟,تشمل تقنية الأشعة ودكتور بصريات.,التخصصات,University of Jeddah,faq
ما تخصصات كلية الهندسة؟,تشمل الهندسة الكهربائية والإلكترونية، الهندسة الصناعية والنظم، الهندسة المدنية، والهندسة الميكانيكية.,التخصصات,University of Jeddah,faq
ما تخصصات كلية العلوم؟,تشمل الكيمياء الحيوية التطبيقية، علوم البيئة، الرياضيات، الكيمياء، الكيمياء الصناعية، الأحياء، والفيزياء.,التخصصات,University of Jeddah,faq
ما تخصصات كلية الأعمال؟,تشمل المحاسبة، إدارة الأعمال، المالية والاقتصاد، إدارة الموارد البشرية، إدارة سلسلة الإمداد، إدارة نظم المعلومات، والتسويق.,التخصصات,University of Jeddah,faq
ما تخصصات كلية الشريعة والقانون؟,تشمل القانون، القراءات، الشريعة والدراسات الإسلامية، والتفسير وعلوم القرآن.,التخصصات,University of Jeddah,faq
ما تخصصات كلية العلوم الاجتماعية والإعلام؟,تشمل علم النفس والإعلام الرقمي.,التخصصات,University of Jeddah,faq
ما تخصصات كلية اللغات والترجمة؟,تشمل الترجمة، اللغة الصينية، واللغة الإنجليزية.,التخصصات,University of Jeddah,faq
ما تخصصات كلية التصاميم والفنون؟,تشمل الرسم والفنون، تصميم الأزياء، تصميم الجرافيك، والتصميم الداخلي.,التخصصات,University of Jeddah,faq
ما تخصصات كلية علوم الرياضة؟,تشمل التدريب الرياضي، الإدارة الرياضية، واللياقة البدنية.,التخصصات,University of Jeddah,faq
ما تخصص كلية الحاسبات وتقنية المعلومات بخليص والكامل؟,تقدم تخصص تقنية المعلومات.,التخصصات,University of Jeddah,faq
ما هو البريد الإلكتروني لإدارة المخاطر بجامعة جدة؟,البريد الإلكتروني هو risk@uj.edu.sa,التواصل,University of Jeddah,faq
ما رقم هاتف إدارة المخاطر بجامعة جدة؟,رقم الهاتف هو 0122334444 تحويلة 34333.,التواصل,University of Jeddah,faq
ما رقم الواتساب الخاص بإدارة المخاطر بجامعة جدة؟,رقم الواتساب هو +966122334443,التواصل,University of Jeddah,faq
ما هي منصة الدعم الفني لجامعة جدة؟,منصة الدعم الفني هي https://hayyak.uj.edu.sa,الدعم الفني,University of Jeddah,faq
كيفية استخراج الإفادة لتقديمها إلى من يهمه الامر؟,حياك .. يتم استخراج الإفادة من صفحة الطالب - الوثائق الرقمية,general,https://www.uj.edu.sa/ar/%D8%A7%D9%84%D8%A3%D8%B3%D8%A6%D9%84%D8%A9-%D8%A7%D9%84%D8%B4%D8%A7%D8%A6%D8%B9%D8%A9,faq
هل يوجد تجسير في جامعة جدة ؟,حياك .. لا يوجد برنامج تجسير حالياً وسيتاح قريبا,general,https://www.uj.edu.sa/ar/%D8%A7%D9%84%D8%A3%D8%B3%D8%A6%D9%84%D8%A9-%D8%A7%D9%84%D8%B4%D8%A7%D8%A6%D8%B9%D8%A9,faq
ماهي شروط مراتب الشرف؟,حياك .. أن لا يكون الطالب قد رسب في أي مقرر درسه في الجامعة او جامعة أخرى ولا حصل على حرمان في أي مادة . وأن يكون الطالب قد أكمل متطلبات التخرج في مدة أقصاها متوسط المدة بين الحد الأدنى والأحد الأقصى للبقاء في الكلية . وأن يكون الطالب قد درس في الجامعة مالا يقل عن 60% من متطلبات التخرج.,general,https://www.uj.edu.sa/ar/%D8%A7%D9%84%D8%A3%D8%B3%D8%A6%D9%84%D8%A9-%D8%A7%D9%84%D8%B4%D8%A7%D8%A6%D8%B9%D8%A9,faq
كيفية التقديم على خدمة وثيقتي وإخلاء الطرف الالكتروني ؟,حياك .. يتم التقديم عليها من صفحة الطالب بعد التأكد من انهاء جميع متطلبات التخرج,general,https://www.uj.edu.sa/ar/%D8%A7%D9%84%D8%A3%D8%B3%D8%A6%D9%84%D8%A9-%D8%A7%D9%84%D8%B4%D8%A7%D8%A6%D8%B9%D8%A9,faq
ماهي مواعيد استلام وثائق التخرج ؟,حياك .. يتم الإعلان عن موعد استلام الوثائق في حساب الجامعة وكما هو موضح في التقويم الأكاديمي .,general,https://www.uj.edu.sa/ar/%D8%A7%D9%84%D8%A3%D8%B3%D8%A6%D9%84%D8%A9-%D8%A7%D9%84%D8%B4%D8%A7%D8%A6%D8%B9%D8%A9,faq
هل يوجد قبول الترم الثاني؟,حياك .. القبول سنوي في جامعة جدة,general,https://www.uj.edu.sa/ar/%D8%A7%D9%84%D8%A3%D8%B3%D8%A6%D9%84%D8%A9-%D8%A7%D9%84%D8%B4%D8%A7%D8%A6%D8%B9%D8%A9,faq
كيف يمكن تعديل الاسم في الوثيقة؟,حياك .. عن طريق خدمة وثيقتي عند التقديم عليها أو من خلال مراجعة وحدة الخريجين .,general,https://www.uj.edu.sa/ar/%D8%A7%D9%84%D8%A3%D8%B3%D8%A6%D9%84%D8%A9-%D8%A7%D9%84%D8%B4%D8%A7%D8%A6%D8%B9%D8%A9,faq
هل يمكن توكيل شخص لاستلام الوثيقة نيابةً عني؟,حياك .. نعم بشرط إحضار وكالة رسمية أو عن طريق البريد الالكتروني Darg-feedback@uj.edu.sa,general,https://www.uj.edu.sa/ar/%D8%A7%D9%84%D8%A3%D8%B3%D8%A6%D9%84%D8%A9-%D8%A7%D9%84%D8%B4%D8%A7%D8%A6%D8%B9%D8%A9,faq
كيف يمكن الحصول على وثيقة التخرج ؟,حياك .. بعد إنهاء جميع متطلبات التخرج واعتماد النتائج وإغلاق الفصل يمكنك مراجعة وحدة الخريجين بعمادة القبول والتسجيل واستلام وثيقة التخرج .,general,https://www.uj.edu.sa/ar/%D8%A7%D9%84%D8%A3%D8%B3%D8%A6%D9%84%D8%A9-%D8%A7%D9%84%D8%B4%D8%A7%D8%A6%D8%B9%D8%A9,faq
هل يوجد دبلوم مدفوع ؟,حياك ... لا يوجد.,general,https://www.uj.edu.sa/ar/%D8%A7%D9%84%D8%A3%D8%B3%D8%A6%D9%84%D8%A9-%D8%A7%D9%84%D8%B4%D8%A7%D8%A6%D8%B9%D8%A9,faq
تم سحب الملف بالخطأ كيف يمكن الرجوع للجامعة؟,حياك .. يتم مراجعة الكلية وطلب إعادة قيد في مدة أقصاها سنة من تاريخ السحب.,general,https://www.uj.edu.sa/ar/%D8%A7%D9%84%D8%A3%D8%B3%D8%A6%D9%84%D8%A9-%D8%A7%D9%84%D8%B4%D8%A7%D8%A6%D8%B9%D8%A9,faq
كيف يتم الاعتذار ؟,حياك .. يتم عن طريق تقديم الطلب من خلال الخدمات الذاتية الخاصة بالطالب,general,https://www.uj.edu.sa/ar/%D8%A7%D9%84%D8%A3%D8%B3%D8%A6%D9%84%D8%A9-%D8%A7%D9%84%D8%B4%D8%A7%D8%A6%D8%B9%D8%A9,faq
كيفية التقديم على الاختبار البديل ؟,حياك .. يتم عن طريق تقديم الطلب من خلال الخدمات الذاتية الخاصة بالطالب,general,https://www.uj.edu.sa/ar/%D8%A7%D9%84%D8%A3%D8%B3%D8%A6%D9%84%D8%A9-%D8%A7%D9%84%D8%B4%D8%A7%D8%A6%D8%B9%D8%A9,faq
أرغب بالتحويل الخارجي الى جامعة جدة ماهي الشروط؟,حياك ... يتم الإعلان عن مواعيد وشروط التحويل سنوياً على موقع العمادة وكذلك على منصة X,general,https://www.uj.edu.sa/ar/%D8%A7%D9%84%D8%A3%D8%B3%D8%A6%D9%84%D8%A9-%D8%A7%D9%84%D8%B4%D8%A7%D8%A6%D8%B9%D8%A9,faq
هل سيتاح التقديم على برامج القبول عن طريق بوابة القبول الخاصة بجامعة جدة؟,حياك .. القبول لجميع برامج الدبلوم والبكالوريوس عن طريق منصة القبول الموحد فقط ، عبر الرابط : https://www.uap.sa/login,general,https://www.uj.edu.sa/ar/%D8%A7%D9%84%D8%A3%D8%B3%D8%A6%D9%84%D8%A9-%D8%A7%D9%84%D8%B4%D8%A7%D8%A6%D8%B9%D8%A9,faq
هل سيتاح التقديم على برامج القبول عن طريق بوابة القبول الخاصة بجامعة جدة؟,حياك .. القبول لجميع برامج الدبلوم والبكالوريوس عن طريق منصة القبول الموحد فقط، عبر الرابط : https://www.uap.sa/login,general,https://www.uj.edu.sa/ar/%D8%A7%D9%84%D8%A3%D8%B3%D8%A6%D9%84%D8%A9-%D8%A7%D9%84%D8%B4%D8%A7%D8%A6%D8%B9%D8%A9,faq
أين يقع مركز الإرشاد الجامعي؟,حياك .. يقع في جامعة جدة بالمقر الرئيسي لشطر الطالبات في الفيصلية / مبنى ١٤ الدور الثاني مكتب (٢٢٣-٢٢٤-٢٢٦-٢٢٧).,general,https://www.uj.edu.sa/ar/%D8%A7%D9%84%D8%A3%D8%B3%D8%A6%D9%84%D8%A9-%D8%A7%D9%84%D8%B4%D8%A7%D8%A6%D8%B9%D8%A9,faq
هل يؤثر تأخر تسجيل الرسالة على استحقاق المكافأة لطالبة الدراسات العليا؟,حياك .. نعم، فيشترط تسجيل الجدول الدراسي للحصول على المكافأة.,general,https://www.uj.edu.sa/ar/%D8%A7%D9%84%D8%A3%D8%B3%D8%A6%D9%84%D8%A9-%D8%A7%D9%84%D8%B4%D8%A7%D8%A6%D8%B9%D8%A9,faq
هل يلزمني التقديم للحصول على بدلات دراسات عليا؟,حياك .. نعم، ويتم ذلك من خلال الكلية وذلك بإرفاق نموذج صرف بدل كتب ومراجع وكشف الدرجات لطلب بدل كتب ومراجع، نموذج بدل طباعة رسالة وكشف الدرجات وتقرير ممثل عمادة الدراسات العليا لطلب بدل الطباعة.,general,https://www.uj.edu.sa/ar/%D8%A7%D9%84%D8%A3%D8%B3%D8%A6%D9%84%D8%A9-%D8%A7%D9%84%D8%B4%D8%A7%D8%A6%D8%B9%D8%A9,faq
هل الاعتذار أو التأجيل يؤثر على الحصول على بدل الكتب والمراجع؟,حياك .. نعم، يشترط لصرف بدل الكتب والمراجع أن تكون الطالبة مستحقة للمكافأة.,general,https://www.uj.edu.sa/ar/%D8%A7%D9%84%D8%A3%D8%B3%D8%A6%D9%84%D8%A9-%D8%A7%D9%84%D8%B4%D8%A7%D8%A6%D8%B9%D8%A9,faq
هل يحتاج التقديم للحصول على مكافأة طالبة دراسات عليا؟,حياك .. نعم، وذلك بإرفاق نموذج طلب صرف مكافأة طالب دراسات عليا بعد تعبئته وإرفاق إفادة من الأحوال أو أبشر تفيد بأن المهنة طالبة ، وصورة من الهوية والبطاقة الجامعية ، كما يشترط عدم كون الطالبة موظفة أو مسجلة في التأمينات الاجتماعية.,general,https://www.uj.edu.sa/ar/%D8%A7%D9%84%D8%A3%D8%B3%D8%A6%D9%84%D8%A9-%D8%A7%D9%84%D8%B4%D8%A7%D8%A6%D8%B9%D8%A9,faq
هل تصرف مكافأة تفوق لطالبات الماجستير؟,حياك .. لا تصرف ، مكافأة التفوق فقط لطالبات البكالوريوس المستحقات نظاماً لها.,general,https://www.uj.edu.sa/ar/%D8%A7%D9%84%D8%A3%D8%B3%D8%A6%D9%84%D8%A9-%D8%A7%D9%84%D8%B4%D8%A7%D8%A6%D8%B9%D8%A9,faq
عند الحصول على شهادة تفوق فهذا يعني استحقاقي لمكافأة التفوق مباشرة؟,حياك .. لا ، وذلك لأن الطالبة تستحق شهادة التفوق حتى بعد انتهاء المدة النظامية لصرف المكافأة بخلاف مكافأة التفوق التي يشترط الحصول عليها أن تكون ضمن المدة النظامية لصرف المكافأة.,general,https://www.uj.edu.sa/ar/%D8%A7%D9%84%D8%A3%D8%B3%D8%A6%D9%84%D8%A9-%D8%A7%D9%84%D8%B4%D8%A7%D8%A6%D8%B9%D8%A9,faq
هل يحسب الفصل الصيفي في مكافأة التفوق؟,حياك .. لا يحسب الفصل الصيفي في مكافأة التفوق .,general,https://www.uj.edu.sa/ar/%D8%A7%D9%84%D8%A3%D8%B3%D8%A6%D9%84%D8%A9-%D8%A7%D9%84%D8%B4%D8%A7%D8%A6%D8%B9%D8%A9,faq
هل يحتاج التقديم للحصول على مكافأة التفوق؟,حياك .. لا يحتاج ذلك ، حيث أن المكافأة تودع آليا في حساب الطالبة المستحقة.,general,https://www.uj.edu.sa/ar/%D8%A7%D9%84%D8%A3%D8%B3%D8%A6%D9%84%D8%A9-%D8%A7%D9%84%D8%B4%D8%A7%D8%A6%D8%B9%D8%A9,faq
تأخر تسجيل جدولي هل سيؤثر على استلامي للمكافأة؟,حياك .. نعم تتوقف المكافأة حتى تسجيل الجدول الدراسي الخاص بكم.,general,https://www.uj.edu.sa/ar/%D8%A7%D9%84%D8%A3%D8%B3%D8%A6%D9%84%D8%A9-%D8%A7%D9%84%D8%B4%D8%A7%D8%A6%D8%B9%D8%A9,faq
هل يمكن استرداد المبلغ المخصوم لصندوق الطالب في حالة انقطاع المكافأة؟,حياك .. لا، لا يحق للطالب أو الطالبة استرداد المبلغ المخصوم لصندوق الطالب.,general,https://www.uj.edu.sa/ar/%D8%A7%D9%84%D8%A3%D8%B3%D8%A6%D9%84%D8%A9-%D8%A7%D9%84%D8%B4%D8%A7%D8%A6%D8%B9%D8%A9,faq
هل تنقطع المكافأة خلال الاعتذار أو التأجيل وهل سأعوض عنها؟,حياك .. نعم تنقطع المكافأة ولايتم التعويض عنها في حال الاعتذار، ويتم التعويض عن فصل التأجيل بفصل إضافي.,general,https://www.uj.edu.sa/ar/%D8%A7%D9%84%D8%A3%D8%B3%D8%A6%D9%84%D8%A9-%D8%A7%D9%84%D8%B4%D8%A7%D8%A6%D8%B9%D8%A9,faq
هل يجب إضافة حساب شخصي للحصول على المكافأة؟,حياك .. يجب على الطالبة إضافة حساب شخصي جاري في البنك الأهلي السعودي خاص بالطالبة في نظام الأوديس.,general,https://www.uj.edu.sa/ar/%D8%A7%D9%84%D8%A3%D8%B3%D8%A6%D9%84%D8%A9-%D8%A7%D9%84%D8%B4%D8%A7%D8%A6%D8%B9%D8%A9,faq
ما هي الدورات وورش العمل التي يقدمها مركز الإرشاد الجامعي؟,يقيم مركز الإرشاد الجامعي عددًا من الدورات وورش العمل التخصصية، ويتم الإعلان عنها عبر الشاشات الإلكترونية داخل الجامعة، وحساب عمادة شؤون الطلاب عبر منصة x . يسعى المركز أيضًا لنشر الثقافة النفسية للحد من الضغوط والوقاية من الاضطرابات والتعامل معها بشكل إيجابي من خلال البرامج، واللقاءات، والندوات، والدورات التدريبية. كما يهتم المركز بتبني الهوايات وصقل المواهب ورعاية القيادات، ويعمل على مساعدة الطالبات على التكيف مع الحياة الجامعية ورعايتهن ماديًا واجتماعيًا وأسريًا. هدفنا أيضًا هو تنمية اتجاهات الطالبات الإيجابية نحو أنفسهن ونحو مجتمعهن.,general,https://www.uj.edu.sa/ar/%D8%A7%D9%84%D8%A3%D8%B3%D8%A6%D9%84%D8%A9-%D8%A7%D9%84%D8%B4%D8%A7%D8%A6%D8%B9%D8%A9,faq
هل يمكنني معرفة أهداف المركز؟,حياك .. يقدم المركز عدد من الخدمات منها تقديم الخدمات الإرشادية لمساعدة الطالبة الجامعية لتحقيق التوافق الشخصي والإجتماعي والأسري والأكاديمي، تقديم الاستشارات النفسية والإجتماعية والأسرية والأكاديمية من خلال استشاريات متخصصات.,general,https://www.uj.edu.sa/ar/%D8%A7%D9%84%D8%A3%D8%B3%D8%A6%D9%84%D8%A9-%D8%A7%D9%84%D8%B4%D8%A7%D8%A6%D8%B9%D8%A9,faq
كيف يمكن رفع شكوى أو مقترح للإدارة العامة للموارد البشرية؟,حياك .. كل ما يتعلق بطلبات الموظفين والاستفسارات أوالشكاوى يكون من خلال البريد الإلكتروني لإدارة التواصل الداخلي hr.tawasol@uj.edu.sa,general,https://www.uj.edu.sa/ar/%D8%A7%D9%84%D8%A3%D8%B3%D8%A6%D9%84%D8%A9-%D8%A7%D9%84%D8%B4%D8%A7%D8%A6%D8%B9%D8%A9,faq
هل هناك أهداف تخص مسميات معينة تختلف عن بعضها؟,حياك .. بالنسبة لمواثيق الأداء الوظيفي للموظفين، هناك تعاميم خاصة بمواعيد ورفع الأهداف وتتكون من مراحل تذكر جميعها في التعميم المرسل وكل مرحلة تلتزم بتاريخ بدء وانتهاء معين.,general,https://www.uj.edu.sa/ar/%D8%A7%D9%84%D8%A3%D8%B3%D8%A6%D9%84%D8%A9-%D8%A7%D9%84%D8%B4%D8%A7%D8%A6%D8%B9%D8%A9,faq
متى يتم التقديم على الوظائف لديكم؟,حياك .. في حال توفر وظائف سيتم الإعلان عن ذلك عبر منصات التواصل الاجتماعي للجامعة وموقع الجامعة الرسمي وستذكر كافة الشروط وكافة المعلومات الخاصة بها.,general,https://www.uj.edu.sa/ar/%D8%A7%D9%84%D8%A3%D8%B3%D8%A6%D9%84%D8%A9-%D8%A7%D9%84%D8%B4%D8%A7%D8%A6%D8%B9%D8%A9,faq
هل يوجد وظائف شاغرة؟,حياك .. في حال توفر وظائف سيتم الإعلان عن ذلك عبر منصات التواصل الاجتماعي للجامعة وموقع الجامعة الرسمي وستذكر الشروط وكافة المعلومات الخاصة بها.,general,https://www.uj.edu.sa/ar/%D8%A7%D9%84%D8%A3%D8%B3%D8%A6%D9%84%D8%A9-%D8%A7%D9%84%D8%B4%D8%A7%D8%A6%D8%B9%D8%A9,faq
هل متوفر وظائف سواءً بعقود او على بند؟,حياك .. في حال توفر وظائف سيتم الإعلان عن ذلك عبر منصات التواصل الاجتماعي للجامعة وموقع الجامعة الرسمي وستذكر الشروط وكافة المعلومات الخاصة بها.,general,https://www.uj.edu.sa/ar/%D8%A7%D9%84%D8%A3%D8%B3%D8%A6%D9%84%D8%A9-%D8%A7%D9%84%D8%B4%D8%A7%D8%A6%D8%B9%D8%A9,faq
انا موظف بالجامعة ولدي خدمة سابقة في الخدمة المدنية كيف اتأكد انه تم اضافتها؟,حياك .. نسعد بتواصلكم ويمكنكم رفع الطلب والتساؤل على إيميل إدارة التواصل الداخلي بالإدارة العامة للموارد البشرية حتى يتم إفادتكم بالمطلوب hr.tawasol@uj.edu.sa,general,https://www.uj.edu.sa/ar/%D8%A7%D9%84%D8%A3%D8%B3%D8%A6%D9%84%D8%A9-%D8%A7%D9%84%D8%B4%D8%A7%D8%A6%D8%B9%D8%A9,faq
أين يقع مقر الإدارة العامة للموارد البشرية بجامعة جدة؟,حياك .. نسعد بزيارتكم لنا بمقرنا في (شطر الطلاب طريق جامعة جدة - مبنى الإدارة العامة) و (شطر الطالبات فرع الفيصلية مبنى 12).,general,https://www.uj.edu.sa/ar/%D8%A7%D9%84%D8%A3%D8%B3%D8%A6%D9%84%D8%A9-%D8%A7%D9%84%D8%B4%D8%A7%D8%A6%D8%B9%D8%A9,faq
انا موظفه إدارية بمسمى على إحدى المراتب بقطاع حكومي والحمد لله الأداء الوظيفي (ممتاز) وأرغب بالنقل إلى جامعتكم ماهي الشروط؟,حياك .. يكون النقل إما بوجود بديل أول النقل بوظيفتكم.,general,https://www.uj.edu.sa/ar/%D8%A7%D9%84%D8%A3%D8%B3%D8%A6%D9%84%D8%A9-%D8%A7%D9%84%D8%B4%D8%A7%D8%A6%D8%B9%D8%A9,faq
كيف يمكنني معرفة موعد ترقيات الموظفين؟,حياك .. يمكنكم ذلك من خلال التعميم الرسمي بكل ما يخص الترقيات وموعدها.,general,https://www.uj.edu.sa/ar/%D8%A7%D9%84%D8%A3%D8%B3%D8%A6%D9%84%D8%A9-%D8%A7%D9%84%D8%B4%D8%A7%D8%A6%D8%B9%D8%A9,faq
كيف يمكن إضافة تاريخ المؤهل الجديد؟,حياك .. يمكنكم الإرسال للبريد الإلكتروني لوحدة دعم الأنظمة الإلكترونية بالإدارة العامة للموارد البشرية وإرفاق كافة المعلومات اللازمة it.hr@uj.edu.sa,general,https://www.uj.edu.sa/ar/%D8%A7%D9%84%D8%A3%D8%B3%D8%A6%D9%84%D8%A9-%D8%A7%D9%84%D8%B4%D8%A7%D8%A6%D8%B9%D8%A9,faq
كيف يمكن معرفة مواعيد رفع مواثيق الأداء الوظيفي؟,"حياك .. يتم تحديد مواعيد رفع مواثيق الأداء الوظيفي للموظفين، من خلال تعاميم رسمية تصدر عن الإدارة، وتشير الى موعد مواعيد كل مرحلة من مراحل التوثيق , والتي تشمل تحديد الأهداف والتقييم المرحلي والنهائي, مع الالتزام بالتواريخ المحددة.",general,https://www.uj.edu.sa/ar/%D8%A7%D9%84%D8%A3%D8%B3%D8%A6%D9%84%D8%A9-%D8%A7%D9%84%D8%B4%D8%A7%D8%A6%D8%B9%D8%A9,faq
متى يتم فتح التسجيل لبرامج الدراسات العليا؟,حياك . . سيتم الإعلان عن ذلك في حال إتاحة القبول وذلك من خلال موقع الجامعة الرسمي ومنصات التواصل الاجتماعي للجامعة، نسعد بمتابعتكم ليصل لكم كل جديد وكافة المعلومات التي تهمكم.,general,https://www.uj.edu.sa/ar/%D8%A7%D9%84%D8%A3%D8%B3%D8%A6%D9%84%D8%A9-%D8%A7%D9%84%D8%B4%D8%A7%D8%A6%D8%B9%D8%A9,faq
ماهي الطريقة لاستخراج وثيقة التخرج؟,حياك .. يتم ذلك من خلال تقديم معاملة منح درجة وإخلاء طرف ، كما نبارك لكم التخرج قائد المستقبل ونتمنى لكم مستقبل مشرق حافل بالتميز.,general,https://www.uj.edu.sa/ar/%D8%A7%D9%84%D8%A3%D8%B3%D8%A6%D9%84%D8%A9-%D8%A7%D9%84%D8%B4%D8%A7%D8%A6%D8%B9%D8%A9,faq
هل يمكنني إضافة مادة دراسية لرفع المعدل من جيد جداً الى ممتاز؟,حياك .. نعم حسب موافقة القسم العلمي الخاص بكم .,general,https://www.uj.edu.sa/ar/%D8%A7%D9%84%D8%A3%D8%B3%D8%A6%D9%84%D8%A9-%D8%A7%D9%84%D8%B4%D8%A7%D8%A6%D8%B9%D8%A9,faq
متى يمكن استلام وثائق خريجي الماجستير؟,حياك .. سيتم التواصل معكم للاستلام عند الانتهاء من سير المعاملة وطباعة الوثيقة ، نبارك لكم التخرج قائد المستقبل ونتمنى لكم مستقبل حافل بالتميز والإبداع.,general,https://www.uj.edu.sa/ar/%D8%A7%D9%84%D8%A3%D8%B3%D8%A6%D9%84%D8%A9-%D8%A7%D9%84%D8%B4%D8%A7%D8%A6%D8%B9%D8%A9,faq
استقطاب ورعاية الموهوبين كيف يمكنني معرفة شروط التسكين المباشر والمعايير الخاصة بذلك؟,حياك .. يتم الإعلان عن ذلك وكافة المعلومات والشروط من خلال دليل القبول الذي تصدره عمادة القبول والتسجيل في كل عام.,general,https://www.uj.edu.sa/ar/%D8%A7%D9%84%D8%A3%D8%B3%D8%A6%D9%84%D8%A9-%D8%A7%D9%84%D8%B4%D8%A7%D8%A6%D8%B9%D8%A9,faq
كيف يمكنني معرفة شروط التسكين المباشر والمعايير الخاصة بذلك؟,حياك .. يتم الإعلان عن ذلك وكافة المعلومات والشروط من خلال دليل القبول الذي تصدره عمادة القبول والتسجيل في كل عام.,general,https://www.uj.edu.sa/ar/%D8%A7%D9%84%D8%A3%D8%B3%D8%A6%D9%84%D8%A9-%D8%A7%D9%84%D8%B4%D8%A7%D8%A6%D8%B9%D8%A9,faq
ما هي منصة قبول 'المنصة الوطنية للقبول الموحد؟,هي المنصة الوطنية الموحدة للقبول في مؤسسات التعليم العالي، أطلقتها وزارة التعليم في المملكة العربية السعودية بهدف توحيد إجراءات القبول للطلبة في مختلف الجامعات والكليات السعودية، سواء كانت الحكومية أو التابعة للمؤسسة العامة للتدريب التقني والمهني.,admission,UAP FAQ - manually curated,faq
متى تبدأ فترة التقديم للطلاب والطالبات في المنصة؟,تبدأ فترة تعبئة قائمة الرغبات اعتبارًا من 5 نوفمبر 2025م، وتستمر حتى 9 يوليو 2026م، حيث يمكن للطلبة خلال هذه المدة استعراض التخصصات وإضافة رغباتهم عبر المنصة.,admission,UAP FAQ - manually curated,faq
متى تنتهي فترة التقديم للطلاب والطالبات في المنصة؟,تنتهي فترة التقديم عبر المنصة بنهاية يوم 9 يوليو 2026م، ولن يُتاح تعديل أو إضافة الرغبات بعد هذا التاريخ.,admission,UAP FAQ - manually curated,faq
هل هناك رسوم لاستخدام المنصة والتقديم؟,لا، المنصة مجانية ولا تتطلب دفع أي رسوم لاستخدامها.,admission,UAP FAQ - manually curated,faq
ما هي خطوات تسجيل الدخول لأول مرة في المنصة؟,لتسهيل العملية على جميع الطلبة، يسجل الطالب أو الطالبة الدخول عبر النفاذ الوطني الموحد نفاذ.,admission,UAP FAQ - manually curated,faq
هل تتوفر تخصصات للدراسة عن بعد؟,لا، لم يتم إضافة أي تخصص يسمح بالدراسة عن بعد.,admission,UAP FAQ - manually curated,faq
ما المقصود بأن القبول سنوي؟,تعني أن التقديم على القبول يتم مرة واحدة فقط في بداية العام الدراسي، ولن يكون هناك فترة لفتح تقديم طلبات جديدة للقبول في الجامعات والكليات السعودية عند بداية الفصل الدراسي الثاني.,admission,UAP FAQ - manually curated,faq
ما هو العمر المسموح به للتقديم؟,لا توجد اشتراطات خاصة بالعمر للتقديم على المنصة بشكل عام، إلا أن بعض الجامعات قد تشترط عمرًا معينًا، لذلك يجب الاطلاع على شروط كل جامعة.,admission,UAP FAQ - manually curated,faq
هل يمكن التقديم في حال كان تاريخ حصول المتقدم على مؤهل الثانوية قبل أكثر من خمس سنوات؟,لا توجد اشتراطات خاصة بسنة الحصول على المؤهل الثانوي للتقديم على المنصة بشكل عام، ولكن قد تكون سنة التخرج من ضمن اشتراطات بعض الجامعات أو التخصصات، لذلك يجب الرجوع إلى شروط القبول لكل جامعة.,admission,UAP FAQ - manually curated,faq
ما هي الشروط العامة للقبول؟ وماهي الفئات المؤهلة للتقديم عبر المنصة الوطنية للقبول الموحد؟,توجد اشتراطات يجب توفرها في الطلاب والطالبات الراغبين بالتقديم عبر المنصة الوطنية للقبول الموحد، وتشمل أن يكون المتقدم سعودي الجنسية أو من أبناء المواطنات السعوديات أو يحمل سجلًا مدنيًا يبدأ بالرقم 1 أو تكون زوجة مواطن ولديها أبناء سعوديون. كما يجب أن يكون المتقدم من طلبة الصف الثالث الثانوي والمسجلين في نظام نور، ويشمل ذلك طلبة المدارس الحكومية والأهلية والعالمية والمعاهد العلمية وطلبة المؤسسة العامة للتدريب التقني والمهني. ويمكن أيضًا لخريجي السنوات السابقة التقديم مع مراعاة أن بعض التخصصات تشترط حداثة التخرج. ويشترط كذلك أداء اختباري القدرات والتحصيلي، وقد تشترط بعض البرامج ألا يكون المتقدم حاصلًا على مؤهل جامعي سابق. كما تتطلب بعض التخصصات اللياقة الطبية، وفي حال كان المتقدم موظفًا فيجب إرفاق ما يثبت عدم ممانعة جهة العمل من الدراسة الجامعية.,admission,UAP FAQ - manually curated,faq
ما هي طريقة تقديم الطلبة القادمين من خارج المملكة أو المتقدمين من خلال أنظمة تعليمية مختلفة عن النظام التعليمي في المملكة العربية السعودية؟,تُجرى معادلة الشهادات الصادرة من خارج المملكة وفق ضوابط محددة، تشمل أن تكون الشهادة مستوفية لشروط المعادلة وصادرة من مدرسة معتمدة ومعترف بها في بلد الإصدار ومؤهلة للالتحاق بالتعليم العالي. كما يجب أن يكون التسلسل الدراسي منتظمًا مع تقديم وثائق النجاح للصفوف السابقة، وأن تكون جميع الوثائق أصلية ومصدقة من الجهات التعليمية والرسمية المختصة ووزارة الخارجية والسفارة السعودية أو الملحقية الثقافية إن وجدت، مع توفير ترجمة رسمية لأي وثيقة غير صادرة بالعربية أو الإنجليزية. ويشترط أيضًا خلو الوثائق من التعديل أو الكشط ومطابقة الاسم في جميع المستندات الرسمية. تبدأ إجراءات المعادلة بتسليم الوثائق لإدارة التعليم لرفعها إلكترونيًا، ثم تقوم وزارة التعليم بمراجعتها وإصدار وثيقة المعادلة. وبعد الانتهاء من المعادلة، يجب إنشاء تذكرة دعم فني عبر منصة قبول، كما يشترط اجتياز اختبارات المركز الوطني للقياس مثل القدرات والتحصيلي لاستكمال الطلب.,admission,UAP FAQ - manually curated,faq
ما هي طريقة التقديم للطلبة المقيمين داخل أو خارج المملكة؟,على الأجانب الراغبين في الدراسة بالجامعات السعودية التسجيل عبر منصة ادرس في السعودية، وهي منصة إلكترونية رسمية أطلقتها وزارة التعليم السعودية وتتيح لهم الاطلاع على التخصصات المتاحة وشروط القبول والمتطلبات والتقديم على المنح الدراسية ومتابعة حالة الطلب حتى الحصول على القبول النهائي والتأشيرة الدراسية.,admission,UAP FAQ - manually curated,faq
هل يستطيع الطلبة استخدام نتائج اختبار القدرات والتحصيلي التي حصلوا عليها خلال الأعوام الماضية؟,نعم، يمكن ذلك إذا كانت الشهادة سارية المفعول، وفي حال انتهت صلاحيتها يجب إعادة إجراء الاختبار قبل التقديم.,admission,UAP FAQ - manually curated,faq
ما هي الوثائق المطلوبة لتقديم طلب جديد عبر المنصة؟,لا تتطلب المنصة رفع وثائق عند التقديم، حيث يتم سحب جميع الوثائق من الجهات المعنية بها، ولكن قد تتطلب بعض تذاكر الدعم الفني مستندات لإثبات الاستثناءات أو هوية المتقدم مثل أم المواطن.,admission,UAP FAQ - manually curated,faq
هل يمكنني التقديم على معهد الإدارة العامة من خلال المنصة؟,لا يمكن التقديم على معهد الإدارة العامة من خلال المنصة.,admission,UAP FAQ - manually curated,faq
لدي شهادة ثانوية عامة قديمة، وقد أعدت الامتحان مؤخرًا، لكن لا تزال الدرجة القديمة تظهر في المنصة، كيف يمكنني تحديثها لتظهر الدرجة الجديدة؟,يُرجى إعادة إصدار شهادة الثانوية من خلال نظام نور حتى يتم تحديث درجات الشهادة الجديدة في النظام.,admission,UAP FAQ - manually curated,faq
هل يوجد حد أدنى للمعدل المطلوب للتقديم؟,يعتمد المعدل على المعايير الأكاديمية الموضحة في تفاصيل كل تخصص، لذا قد يوجد حد أدنى في بعض التخصصات حسب شروط كل تخصص.,admission,UAP FAQ - manually curated,faq
هل يمكن تغيير التخصص بعد القبول النهائي؟,لا يمكن تغيير التخصص بعد القبول النهائي.,admission,UAP FAQ - manually curated,faq
هل معايير القبول ثابتة وموحدة لجميع التخصصات؟,لا، لكل تخصص معايير قبول مختلفة عن التخصصات الأخرى، ويمكن الاطلاع على المعايير الأكاديمية في صفحة تفاصيل التخصص.,admission,UAP FAQ - manually curated,faq
هل يوجد أولوية للقبول حسب تاريخ التقديم؟,لا توجد أولوية للقبول بناءً على تاريخ التقديم إلا في حالة واحدة فقط، وهي عند تساوي درجات الطلبة في التخصص نفسه وكانت المنافسة على آخر مقعد متاح.,admission,UAP FAQ - manually curated,faq
هل يمكنني إعادة التقديم مرة أخرى إذا لم يتم قبولي؟,يمكنك انتظار الفرص الإضافية التي قد تُتاح في المنصة في حال توفرت مقاعد شاغرة. أما في حال عدم توفر فرص خلال الفترة المحددة، فيمكن للطلبة التقديم في العام القادم.,admission,UAP FAQ - manually curated,faq
هل تكون أولوية القبول للحاصلين على شهادة الثانوية لهذا العام؟,بعض التخصصات تشترط أن يكون الطلبة حديثي التخرج من الثانوية العامة.,admission,UAP FAQ - manually curated,faq
هل يمكن إعادة ترتيب الرغبات بعد حفظها؟,نعم، يمكن إعادة ترتيب الرغبات بعد حفظها في أي وقت خلال فترة التقديم وحتى إغلاق التقديم.,admission,UAP FAQ - manually curated,faq
هل يسمح بقبول الطلبة غير السعوديين من أم سعودية؟,نعم، يتم التعامل مع الطلبة من أمهات سعوديات مثل الطلبة السعوديين.,admission,UAP FAQ - manually curated,faq
كم عدد الرغبات التي يمكن إضافتها؟,يتوجب على كل طالب وطالبة إضافة 25 تخصصًا في مختلف الجامعات، بالإضافة إلى تخصص واحد على الأقل من كليات المؤسسة العامة للتدريب التقني والمهني. ويعد هذا الشرط إلزاميًا، حيث لا يمكن استكمال إجراءات التقديم ما لم تتم إضافة العدد المطلوب من التخصصات.,admission,UAP FAQ - manually curated,faq
كيف يمكن معرفة نتيجة القبول؟,بعد انتهاء مراحل القبول سيظهر إشعار القبول في المنصة، كما سيتم إرسال رسالة نصية إلى الرقم المسجل في المنصة.,admission,UAP FAQ - manually curated,faq
ماذا يحدث إذا لم يؤكد الطلبة قبولهم في المدة المحددة؟,يجب على جميع الطلبة تأكيد قبولهم خلال الفترة المحددة، وفي حال عدم تأكيد القبول خلال هذه المدة سيُلغى الطلب نهائيًا.,admission,UAP FAQ - manually curated,faq
كيف يمكن للطلبة المقبولين في أحد التخصصات متابعة إجراءات القبول عبر المنصة؟,ستقوم الجامعة بالتواصل مع جميع الطلبة المقبولين عبر وسائل الاتصال المسجلة في المنصة، وذلك لاستكمال إجراءات القبول وفق المتطلبات المحددة لكل تخصص.,admission,UAP FAQ - manually curated,faq
هل يتم طلب أي مستندات من الطالب الذي تم قبوله عبر المنصة؟,لا تطلب المنصة أي مستندات، إلا أن بعض الجامعات قد تطلب مستندات إضافية وفقًا لمتطلباتها الخاصة باعتبارها جزءًا من إجراءات استكمال القبول لديها.,admission,UAP FAQ - manually curated,faq
ما هي آلية حساب المعدل التراكمي لشهادة الثانوية العامة للحاصلين عليها من المدارس العالمية، والتي لم يتم إضافتها في نظام نور؟,يمكن للطلبة معادلة الشهادات العالمية إلكترونيًا عبر نظام نور، علمًا بأن منصة القبول الموحد لا تتوفر لديها معلومات حول طريقة حساب المعدل التراكمي.,admission,UAP FAQ - manually curated,faq
ماذا يعني اللون الأخضر والأحمر عند كل رغبة خلال مرحلة إظهار الفرص المتاحة للطلبة وإجراء المقابلات الشخصية واختبارات القبول للطلبة؟ ولماذا تتغير بشكل مستمر؟,يشير اللون الأخضر إلى ارتفاع نسبة القبول في التخصص، مما يدل على فرصة قبول إيجابية. بينما يشير اللون الأحمر إلى انخفاض نسبة القبول، مما يعني فرصة قبول أقل. ويتغير اللون باستمرار وفقًا لعدد المتقدمين للتخصص ونسبة قبول الطلبة؛ فكلما ارتفعت نسبة الطالب مقارنة بالمتقدمين استمر اللون أخضر، وإذا انخفضت بسبب زيادة عدد المتقدمين أو تفوق درجاتهم يتحول إلى اللون الأحمر.,admission,UAP FAQ - manually curated,faq
لم أتمكن من تحديث الرغبات، كيف يمكن تعديلها خلال فترة التقديم؟,يُرجى الضغط على إضافة الرغبات والتأكد من عدم تجاوز العدد المسموح به من الرغبات، وفي حال استمرار المشكلة يمكن التواصل عبر قنوات الدعم الفني المتاحة.,admission,UAP FAQ - manually curated,faq
هل يتم إبلاغ الطلبة عن تغير حالة الطلب؟,نعم، يتم إبلاغ الطلبة عن طريق عنوان البريد الإلكتروني ورقم الجوال المسجلين في المنصة.,admission,UAP FAQ - manually curated,faq
هل يوجد مقابلة شخصية ضمن متطلبات القبول لجميع التخصصات؟,المقابلة الشخصية ليست شرطًا أساسيًا لكل التخصصات، وإنما تُطبق على بعض التخصصات التي تتطلب ذلك وفقًا لما تحدده الجامعة ضمن معايير القبول الخاصة بكل تخصص.,admission,UAP FAQ - manually curated,faq
ما هي الخطوة التالية بعد الحصول على القبول عبر المنصة؟,ستقوم الجامعات والمؤسسة العامة للتدريب التقني والمهني بإصدار الأرقام الجامعية والتواصل مع الطلبة المقبولين لاستكمال إجراءات القبول أو مراجعة الجهة التعليمية إذا دعت الحاجة.,admission,UAP FAQ - manually curated,faq
ما المقصود بالدرجة الموزونة في منصة قبول وكيف يتم احتسابها؟,الدرجة الموزونة هي معيار يُستخدم للمفاضلة بين الطلبة المتقدمين على التخصصات الجامعية. يتم احتسابها من خلال دمج نسبة من معدل الثانوية العامة مع درجات اختبارات مركز قياس، وتختلف طريقة الحساب من جامعة إلى أخرى ومن تخصص إلى آخر. تشمل الدرجة الموزونة عادة نسبة من معدل الثانوية العامة، ونسبة من درجة اختبار القدرات، ونسبة من درجة اختبار التحصيلي إن وجدت، ونسبة من درجة اختبارات كفايات اللغة الإنجليزية إن وجدت. ويمكن للطالب الاطلاع على طريقة احتساب الدرجة الموزونة لكل تخصص عبر خيار عرض كل التفاصيل داخل منصة قبول.,admission,UAP FAQ - manually curated,faq
لماذا لم أقبل في بعض التخصصات مع أن معدل نسبة الثانوية العامة عالٍ، وقبل من هو أقل؟,يعتمد القبول في الجامعات والكليات التقنية على عدد من المعايير التي تختلف من تخصص إلى آخر باختلاف الدرجة الموزونة، وتُعلن هذه المعايير للجميع قبل بدء إجراءات القبول. ويعد اختبار القدرات العامة والاختبار التحصيلي وترتيب الرغبات من العوامل المهمة التي تؤثر على فرص قبول الطلبة.,admission,UAP FAQ - manually curated,faq
هل يمكن اختيار جميع الرغبات في جامعة واحدة فقط؟,نعم، بشرط ألا يقل ولا يزيد عدد الرغبات المضافة عن 25 تخصصًا، إضافة إلى رغبة واحدة على الأقل في المؤسسة العامة للتدريب التقني والمهني.,admission,UAP FAQ - manually curated,faq
لماذا يتم عرض الدرجة الموزونة الخاصة بالعام الماضي في منصة قبول؟,تُعرض الدرجة الموزونة الخاصة بالعام الماضي كمرجع إرشادي يساعد الطلبة على تقييم فرص القبول في التخصصات أثناء مرحلة إضافة الرغبات. وتمثل هذه الدرجة الحد الأدنى للقبول في نفس التخصص خلال العام السابق، وتُستخدم لأغراض المقارنة فقط. أما الدرجة الموزونة الخاصة بالعام الحالي، فتُعرض خلال مرحلة إظهار الفرص المتاحة للطلبة وإجراء المقابلات الشخصية واختبارات القبول، وتعتمد على نتائج المفاضلة الفعلية بين الطلبة المتقدمين في العام الحالي.,admission,UAP FAQ - manually curated,faq
ما هي التخصصات المتاحة للطلبة بالجامعات؟,قبل صدور نتائج الثانوية العامة واختبارات مركز قياس، تُعرض التخصصات في مرحلة إضافة الرغبات بناءً على المسار الدراسي في المرحلة الثانوية. فعلى سبيل المثال، للتقديم على المسارات أو البرامج الصحية يجب أن يكون الطالب متخرجًا من المسار العلمي أو ما يعادله.,admission,UAP FAQ - manually curated,faq
ما هي طريقة تقديم الطلبة من ذوي الإعاقة؟,يتم التقديم على التخصصات المتاحة حسب نوع الإعاقة لدى الطالب أو الطالبة من خلال المنصة.,special cases,UAP FAQ - manually curated,faq
هل يُقبل مستفيدو الضمان الاجتماعي؟ وهل يُستثنون من بعض الشروط؟,لكل جامعة اشتراطات واستثناءات خاصة لمستفيدي الضمان الاجتماعي، ويُتاح للطلبة التقديم عبر المنصة والاستفادة منها وفقًا لمعايير القبول المحددة من قبل كل جامعة.,special cases,UAP FAQ - manually curated,faq
من هم الطلبة من ذوي الحالات الخاصة؟,الطلبة من ذوي الحالات الخاصة أو الاستثنائية هم: الطلبة من ذوي الإعاقة، أبناء الشهداء، أبناء المفقودين، أبناء الأسرى، أبناء المصابين، مجهولو الأبوين، ومستفيدو الضمان الاجتماعي.,special cases,UAP FAQ - manually curated,faq
أنا طالب من ذوي الحالات الاستثنائية، ولكن لا يظهر ذلك في المنصة، ما الحل؟,توجد بعض الاستثناءات التي تنطبق على فئات محددة من الطلبة، مثل ذوي الإعاقة بمختلف أنواعها، أبناء الشهداء، أبناء المفقودين، مستفيدو الضمان الاجتماعي، أبناء الأسرى، أبناء المصابين، مجهولو الأبوين، والطلبة الموهوبون. تظهر هذه الحالات تلقائيًا في المنصة لمن تنطبق عليهم الشروط بناءً على البيانات الرسمية المرتبطة بالأنظمة الحكومية. وفي حال عدم ظهور الحالة رغم استحقاق الطالب لها، يُرجى مراجعة وتحديث البيانات عبر نظام نور.,special cases,UAP FAQ - manually curated,faq
ما هي الكليات الموجودة في جامعة جدة؟,تضم جامعة جدة عددًا من الكليات في مختلف التخصصات، وتشمل الكليات العلمية: كلية علوم وهندسة الحاسب، كلية الهندسة، كلية العلوم، كلية علوم الرياضة، كلية الحاسبات وتقنية المعلومات بخليص، وكلية الحاسبات وتقنية المعلومات بالكامل. وتشمل الكليات الصحية: كلية الطب وكلية العلوم الطبية التطبيقية. وتشمل الكليات الإدارية والاقتصادية: كلية الأعمال، كلية الأعمال بالكامل، وكلية الأعمال بخليص. وتشمل الكليات الإنسانية: كلية العلوم الاجتماعية والإعلام، كلية التصاميم والفنون، كلية التربية، كلية اللغات والترجمة، وكلية الشريعة والقانون. وتشمل الكليات التطبيقية: الكلية التطبيقية، وفرع الكلية التطبيقية بالكامل، وفرع الكلية التطبيقية بخليص.,general,University of Jeddah Website,faq
متى تأسست جامعة جدة؟,تأسست جامعة جدة عام 2014م بقرار من مجلس التعليم العالي في المملكة العربية السعودية.,general,University of Jeddah Website,faq
أين يقع المقر الرئيسي لجامعة جدة؟,يقع المقر الرئيسي لجامعة جدة في مدينة جدة بالمملكة العربية السعودية، ولها عدة فروع ومجمعات تعليمية في محافظات مختلفة.,general,University of Jeddah Website,faq
ما هي رؤية جامعة جدة؟,تسعى جامعة جدة إلى أن تكون جامعة رائدة ومتميزة في التعليم والبحث والابتكار وخدمة المجتمع بما يتوافق مع رؤية المملكة العربية السعودية 2030.,general,University of Jeddah Website,faq
هل توفر جامعة جدة برامج دراسات عليا؟,نعم، توفر جامعة جدة برامج دراسات عليا تشمل الماجستير والدكتوراه في عدد من التخصصات العلمية والإدارية والإنسانية.,general,University of Jeddah Website,faq
هل توفر جامعة جدة خدمات إلكترونية للطلاب؟,نعم، توفر جامعة جدة مجموعة من الخدمات الإلكترونية للطلاب مثل الخدمات الأكاديمية والتسجيل والجداول الدراسية والخدمات الذاتية عبر البوابة الإلكترونية للجامعة.,general,University of Jeddah Website,faq
هل يوجد سكن جامعي في جامعة جدة؟,توفر جامعة جدة خدمات إسكان جامعي للطلاب والطالبات وفق ضوابط وشروط معينة تحددها الجامعة.,general,University of Jeddah Website,faq
هل تدعم جامعة جدة الأنشطة الطلابية؟,نعم، تدعم جامعة جدة الأنشطة الطلابية المختلفة وتشجع الطلبة على المشاركة في البرامج الثقافية والرياضية والتطوعية والابتكارية.,general,University of Jeddah Website,faq
ما هي شروط القبول في جامعة جدة؟,تشمل شروط القبول العامة في جامعة جدة أن يكون المتقدم سعودي الجنسية أو من أم سعودية، وأن يكون حاصلًا على شهادة الثانوية العامة أو ما يعادلها، مع توفر درجات القدرات والتحصيلي حسب المسار المطلوب.,القبول,Manual FAQ,faq
شروط القبول ايش؟,تشمل شروط القبول العامة في جامعة جدة أن يكون المتقدم سعودي الجنسية أو من أم سعودية، وأن يكون حاصلًا على شهادة الثانوية العامة أو ما يعادلها، مع توفر درجات القدرات والتحصيلي حسب المسار المطلوب.,القبول,Manual FAQ,faq
كيف انقبل في جامعة جدة؟,للقبول في جامعة جدة يجب تحقيق شروط القبول العامة، ومنها الحصول على الثانوية العامة أو ما يعادلها، وتوفر درجات القدرات والتحصيلي حسب المسار، ثم التقديم عبر بوابة القبول الإلكترونية.,القبول,Manual FAQ,faq
كم النسبة الموزونة المطلوبة؟,تختلف النسبة الموزونة المطلوبة في جامعة جدة حسب المسار والتخصص، وتعتمد عادة على الثانوية العامة والقدرات والتحصيلي.,النسب الموزونة,Manual FAQ,faq
كيف أحسب النسبة الموزونة؟,يتم حساب النسبة الموزونة في جامعة جدة حسب المسار. في بعض المسارات تعتمد على الثانوية العامة والقدرات والتحصيلي، وقد تختلف الأوزان حسب التخصص.,النسب الموزونة,Manual FAQ,faq
ابي اعرف النسبة الموزونة,النسبة الموزونة في جامعة جدة تختلف حسب المسار والتخصص، وتعتمد على درجات الثانوية العامة والقدرات والتحصيلي.,النسب الموزونة,Manual FAQ,faq
ما هي السنة التأهيلية؟,السنة التأهيلية في جامعة جدة هي برنامج مدفوع الرسوم مدته عام دراسي واحد، مخصص للطلاب الذين لم يحققوا النسبة المطلوبة للقبول المباشر، ويمكنهم بعدها الالتحاق بالجامعة عند تحقيق الشروط المطلوبة.,السنة التأهيلية,Manual FAQ,faq
كم رسوم السنة التأهيلية؟,رسوم السنة التأهيلية في جامعة جدة هي 18000 ريال للسنة الدراسية.,السنة التأهيلية,Manual FAQ,faq
كم رسوم التاهيليه؟,رسوم السنة التأهيلية في جامعة جدة هي 18000 ريال للسنة الدراسية.,السنة التأهيلية,Manual FAQ,faq
ما هي مسارات السنة التأهيلية؟,لا تتوفر لدي تفاصيل مؤكدة عن جميع مسارات السنة التأهيلية في البيانات الحالية. المتوفر أن السنة التأهيلية برنامج مدفوع الرسوم مدته عام دراسي واحد.,السنة التأهيلية,Manual FAQ,faq
هل يوجد دبلومات؟,نعم، تقدم جامعة جدة برامج دبلوم تطبيقية في عدة مجالات.,الدبلومات,Manual FAQ,faq
هل فيه دبلومات؟,نعم، تقدم جامعة جدة برامج دبلوم تطبيقية في عدة مجالات.,الدبلومات,Manual FAQ,faq
ما هي تخصصات الدبلوم؟,تشمل تخصصات الدبلوم في جامعة جدة عدة مجالات مثل البرمجة، الأمن السيبراني، الموارد البشرية، المحاسبة، والتسويق، حسب البرامج المتاحة.,الدبلومات,Manual FAQ,faq
هل يوجد تخصص ذكاء اصطناعي؟,نعم، يوجد تخصص الذكاء الاصطناعي في جامعة جدة ضمن كلية علوم وهندسة الحاسب.,التخصصات,Manual FAQ,faq
هل جامعة جدة فيها ذكاء اصطناعي؟,نعم، يوجد تخصص الذكاء الاصطناعي في جامعة جدة ضمن كلية علوم وهندسة الحاسب.,التخصصات,Manual FAQ,faq
ما تخصصات كلية الحاسب؟,تشمل تخصصات كلية علوم وهندسة الحاسب في جامعة جدة: هندسة الحاسب والشبكات، الذكاء الاصطناعي، علوم الحاسب، الأمن السيبراني، علوم البيانات، وهندسة البرمجيات.,التخصصات,Manual FAQ,faq
ابي تخصصات الحاسب,تشمل تخصصات كلية علوم وهندسة الحاسب في جامعة جدة: هندسة الحاسب والشبكات، الذكاء الاصطناعي، علوم الحاسب، الأمن السيبراني، علوم البيانات، وهندسة البرمجيات.,التخصصات,Manual FAQ,faq
ما الفرق بين الأمن السيبراني وعلوم الحاسب؟,علوم الحاسب يركز على البرمجة، الخوارزميات، قواعد البيانات، وتطوير الأنظمة. أما الأمن السيبراني فيركز على حماية الأنظمة والشبكات والبيانات من الهجمات والاختراقات. وكلا المجالين من تخصصات الحاسب في جامعة جدة.,التخصصات,Manual FAQ,faq
ما شروط التحويل؟,لا تتوفر لدي تفاصيل كافية عن شروط التحويل في البيانات الحالية. يفضل الرجوع إلى عمادة القبول والتسجيل في جامعة جدة للحصول على الشروط الرسمية.,التحويل,Manual FAQ,faq
هل القبول مجاني؟,التقديم عبر منصة القبول لا يتطلب رسومًا لاستخدام المنصة. أما بعض البرامج مثل السنة التأهيلية فهي مدفوعة الرسوم.,القبول,Manual FAQ,faq
